episode,reward,steps,car_wait_avg,ped_wait_avg,signal_switches
1,-641.5,200,4.92,1.66,13
2,-5409.0,200,10.9175,3.16,13
3,-5492.5,200,13.1,3.6683333333333334,13
4,-6117.5,200,14.125,5.5375,13
5,-5964.5,200,14.687,6.632,13
6,-5965.0,200,15.159166666666666,7.029166666666667,13
7,-6273.5,200,15.54642857142857,7.570714285714286,13
8,-5874.0,200,15.738125,7.895,13
9,-6462.0,200,15.90611111111111,8.616666666666667,13
10,-5668.5,200,15.963,8.752,13
11,-6387.5,200,16.17,8.925,13
12,-6090.0,200,16.28125,9.06,13
13,-5572.0,200,16.316153846153846,8.978461538461538,13
14,-5827.5,200,16.3675,9.022142857142857,13
15,-5964.0,200,16.437333333333335,9.043666666666667,13
16,-6100.0,200,16.5196875,9.1103125,13
17,-5758.5,200,16.565,9.04029411764706,13
18,-5933.0,200,16.602777777777778,9.03111111111111,13
19,-5081.0,200,16.605,8.756052631578948,13
20,-5755.0,200,16.61825,8.80725,13
21,-5824.5,200,16.65047619047619,8.777142857142858,13
22,-5648.0,200,16.640227272727273,8.852954545454546,13
23,-5737.0,200,16.663478260869564,8.841739130434783,13
24,-6074.5,200,16.682291666666668,8.888125,13
25,-6137.5,200,16.75,8.8508,13
26,-6224.5,200,16.78923076923077,8.962692307692308,13
27,-5920.0,200,16.795925925925925,9.022592592592593,13
28,-5694.5,200,16.80875,9.000357142857142,13
29,-5468.5,200,16.798275862068966,8.911551724137931,13
30,-5505.5,200,16.768,8.9375,13
31,-6204.0,200,16.793064516129032,9.019193548387097,13
32,-5564.5,200,16.81359375,8.91078125,13
33,-5431.5,200,16.824545454545454,8.774545454545455,13
34,-6222.5,200,16.84441176470588,8.839411764705883,13
35,-5954.0,200,16.844142857142856,8.914,13
36,-5287.5,200,16.815277777777776,8.924166666666666,13
37,-6250.5,200,16.8277027027027,8.982972972972973,13
38,-6041.0,200,16.85236842105263,8.993815789473684,13
39,-6268.0,200,16.87794871794872,9.037435897435897,13
40,-6134.5,200,16.89025,9.10975,13
41,-6242.0,200,16.908536585365855,9.163658536585366,13
42,-5329.0,200,16.913214285714286,9.043333333333333,13
43,-5695.5,200,16.90418604651163,9.094186046511627,13
44,-5996.5,200,16.903863636363635,9.157727272727273,13
45,-5335.0,200,16.898333333333333,9.044666666666666,13
46,-5739.5,200,16.908152173913045,9.013586956521738,13
47,-5996.5,200,16.935,8.960531914893616,13
48,-6155.5,200,16.934791666666666,9.025416666666667,13
49,-5821.0,200,16.949591836734694,8.982857142857142,13
50,-6102.5,200,16.9598,9.0039,13
51,-5493.5,200,16.944803921568628,8.977941176470589,13
52,-6245.0,200,16.966153846153848,8.999134615384616,13
53,-6187.5,200,16.983679245283017,9.027358490566037,13
54,-5329.0,200,16.945,9.082314814814815,13
55,-6399.5,200,16.965272727272726,9.12790909090909,13
56,-6233.0,200,16.966964285714287,9.215892857142856,13
57,-6035.5,200,16.993859649122808,9.161228070175438,13
58,-6175.5,200,17.006293103448275,9.187931034482759,13
59,-6155.5,200,17.025,9.180169491525424,13
60,-5862.0,200,17.029583333333335,9.15425,13
61,-6078.5,200,17.042540983606557,9.16188524590164,13
62,-6024.5,200,17.053709677419356,9.138467741935484,13
63,-6329.5,200,17.067857142857143,9.172857142857143,13
64,-5857.0,200,17.075859375,9.148828125,13
65,-5568.0,200,17.077076923076923,9.108846153846153,13
66,-5816.5,200,17.087878787878786,9.0825,13
67,-5719.5,200,17.088805970149252,9.065373134328357,13
68,-5405.0,200,17.07683823529412,9.048455882352942,13
69,-6389.0,200,17.089855072463767,9.078550724637681,13
70,-5740.5,200,17.08292857142857,9.10057142857143,13
71,-5821.0,200,17.075985915492957,9.106408450704226,13
72,-5740.0,200,17.074513888888887,9.101944444444445,13
73,-6356.0,200,17.08958904109589,9.137123287671233,13
74,-6129.0,200,17.093513513513514,9.166216216216217,13
75,-5566.0,200,17.085466666666665,9.166,13
76,-5704.0,200,17.078684210526315,9.181447368421052,13
77,-6115.5,200,17.076493506493506,9.22935064935065,13
78,-5730.0,200,17.08326923076923,9.1975,13
79,-6500.0,200,17.09493670886076,9.228037974683545,13
80,-5995.0,200,17.094,9.2544375,13
81,-5978.0,200,17.101604938271606,9.246234567901235,13
82,-6141.0,200,17.103536585365855,9.25719512195122,13
83,-6105.5,200,17.10722891566265,9.282710843373494,13
84,-6258.0,200,17.114642857142858,9.303273809523809,13
85,-6241.0,200,17.124764705882352,9.313058823529412,13
86,-5654.5,200,17.12046511627907,9.313197674418605,13
87,-5671.5,200,17.109425287356324,9.300919540229884,13
88,-5959.5,200,17.116193181818183,9.294034090909092,13
89,-6229.5,200,17.123876404494382,9.312977528089888,13
90,-5657.5,200,17.12788888888889,9.280222222222223,13
91,-5758.5,200,17.129835164835164,9.266428571428571,13
92,-6277.5,200,17.133369565217393,9.303478260869566,13
93,-6220.5,200,17.142580645161292,9.311559139784947,13
94,-6276.5,200,17.14101063829787,9.360851063829788,13
95,-6169.5,200,17.151473684210526,9.357052631578947,13
96,-6568.5,200,17.162395833333335,9.386458333333334,13
97,-5932.5,200,17.158711340206185,9.395979381443299,13
98,-5718.0,200,17.159948979591835,9.374540816326531,13
99,-5880.5,200,17.15707070707071,9.389141414141415,13
100,-5731.0,200,17.15285,9.3927,13
101,-6348.5,200,17.15930693069307,9.42148514851485,13
102,-6615.5,200,17.173039215686273,9.443480392156863,13
103,-5705.5,200,17.16878640776699,9.444854368932038,13
104,-6044.5,200,17.176009615384615,9.435673076923077,13
105,-6334.0,200,17.180619047619047,9.465904761904762,13
106,-6006.5,200,17.181037735849056,9.475330188679246,13
107,-6334.5,200,17.185747663551403,9.497429906542056,13
108,-6187.0,200,17.190833333333334,9.510231481481481,13
109,-6270.0,200,17.196743119266056,9.525045871559634,13
110,-6080.5,200,17.195636363636364,9.528727272727274,13
111,-6243.0,200,17.203603603603604,9.523603603603604,13
112,-5967.5,200,17.211964285714284,9.501607142857143,13
113,-6149.0,200,17.220044247787612,9.488362831858407,13
114,-5848.0,200,17.218771929824563,9.490877192982456,13
115,-5827.0,200,17.225739130434782,9.466173913043479,13
116,-5549.5,200,17.22168103448276,9.445474137931035,13
117,-5359.5,200,17.214273504273503,9.426752136752137,13
118,-6207.0,200,17.219618644067797,9.431483050847458,13
119,-6220.5,200,17.230126050420168,9.422394957983194,13
120,-5940.0,200,17.224625,9.449,13
121,-6456.0,200,17.235123966942147,9.454297520661157,13
122,-5635.5,200,17.235860655737707,9.432581967213114,13
123,-5905.0,200,17.23890243902439,9.420853658536585,13
124,-6074.5,200,17.24391129032258,9.41633064516129,13
125,-6142.5,200,17.24388,9.43168,13
126,-6295.5,200,17.253650793650795,9.433492063492064,13
127,-5425.0,200,17.251574803149605,9.4003937007874,13
128,-5722.5,200,17.2508984375,9.3876953125,13
129,-5867.5,200,17.25437984496124,9.37515503875969,13
130,-6216.0,200,17.25953846153846,9.3875,13
131,-5875.5,200,17.2556106870229,9.391832061068703,13
132,-5927.5,200,17.256060606060608,9.390189393939394,13
133,-5938.0,200,17.261315789473684,9.3753007518797,13
134,-5961.0,200,17.267649253731342,9.358171641791046,13
135,-5547.5,200,17.262333333333334,9.355925925925925,13
136,-6397.5,200,17.263933823529413,9.374558823529412,13
137,-5992.5,200,17.265255474452555,9.3714598540146,13
138,-5767.5,200,17.26463768115942,9.365144927536232,13
139,-6186.0,200,17.266330935251798,9.386870503597123,13
140,-5843.0,200,17.267107142857142,9.37825,13
141,-6217.0,200,17.267198581560283,9.392340425531915,13
142,-5962.5,200,17.27204225352113,9.373697183098592,13
143,-5878.0,200,17.27465034965035,9.364685314685314,13
144,-5880.0,200,17.27642361111111,9.3590625,13
145,-6349.5,200,17.28244827586207,9.359068965517242,13
146,-5629.0,200,17.283527397260276,9.33804794520548,13
147,-6031.5,200,17.2828231292517,9.349013605442178,13
148,-6144.5,200,17.286554054054054,9.352094594594595,13
149,-6118.0,200,17.288053691275167,9.363456375838926,13
150,-5910.0,200,17.292333333333332,9.347433333333333,13
151,-6357.5,200,17.2926821192053,9.366920529801325,13
152,-6426.0,200,17.296809210526316,9.38046052631579,13
153,-6487.5,200,17.299738562091502,9.410032679738562,13
154,-5787.0,200,17.302012987012986,9.390844155844157,13
155,-5954.0,200,17.30077419354839,9.401387096774194,13
156,-5597.5,200,17.295961538461537,9.397051282051281,13
157,-5747.0,200,17.295955414012738,9.39171974522293,13
158,-5684.5,200,17.29901898734177,9.365126582278481,13
159,-5344.0,200,17.28877358490566,9.368490566037735,13
160,-6081.5,200,17.2845,9.38775,13
161,-6304.5,200,17.28888198757764,9.398012422360248,13
162,-6125.0,200,17.290864197530865,9.403425925925927,13
163,-5984.5,200,17.293067484662576,9.396411042944786,13
164,-6279.0,200,17.295091463414636,9.407439024390245,13
165,-6130.5,200,17.29339393939394,9.418909090909091,13
166,-6108.5,200,17.298855421686746,9.41039156626506,13
167,-5572.0,200,17.290029940119762,9.421467065868264,13
168,-6121.5,200,17.290892857142858,9.43327380952381,13
169,-5919.0,200,17.28896449704142,9.442514792899408,13
170,-6291.0,200,17.288470588235295,9.463617647058824,13
171,-5645.0,200,17.28842105263158,9.440994152046784,13
172,-6049.5,200,17.289622093023254,9.448052325581395,13
173,-6105.5,200,17.28878612716763,9.463757225433525,13
174,-6324.0,200,17.294080459770115,9.471005747126437,13
175,-5569.0,200,17.291285714285713,9.452828571428572,13
176,-5621.5,200,17.287017045454544,9.447045454545455,13
177,-5822.5,200,17.288870056497174,9.438022598870056,13
178,-5682.0,200,17.28643258426966,9.437275280898877,13
179,-5412.5,200,17.282206703910614,9.420893854748604,13
180,-5835.5,200,17.277444444444445,9.433444444444444,13
181,-6092.5,200,17.279779005524862,9.432817679558012,13
182,-5899.0,200,17.279258241758242,9.435494505494505,13
183,-6173.0,200,17.284016393442624,9.433005464480875,13
184,-5932.5,200,17.282934782608695,9.430597826086956,13
185,-6272.0,200,17.285972972972974,9.437891891891892,13
186,-6029.5,200,17.284193548387098,9.443763440860215,13
187,-5899.0,200,17.284224598930482,9.447139037433155,13
188,-6065.0,200,17.28808510638298,9.44186170212766,13
189,-6240.5,200,17.29010582010582,9.448068783068782,13
190,-5988.5,200,17.291894736842107,9.443657894736843,13
191,-5715.0,200,17.285078534031413,9.451858638743456,13
192,-5998.5,200,17.285729166666666,9.45453125,13
193,-5357.0,200,17.281709844559586,9.435051813471503,13
194,-6018.5,200,17.283762886597938,9.429149484536083,13
195,-5038.5,200,17.276,9.413846153846153,13
196,-5736.0,200,17.27357142857143,9.414948979591836,13
197,-6108.5,200,17.27236040609137,9.427893401015229,13
198,-6330.0,200,17.273611111111112,9.443914141414142,13
199,-5911.5,200,17.27356783919598,9.442462311557788,13
200,-6400.5,200,17.27405,9.457975,13
201,-6220.5,200,17.274427860696516,9.473930348258707,13
202,-5872.0,200,17.27490099009901,9.47368811881188,13
203,-6065.5,200,17.27497536945813,9.47731527093596,13
204,-5793.0,200,17.273946078431372,9.473799019607844,13
205,-5997.5,200,17.27658536585366,9.466975609756098,13
206,-6558.0,200,17.28114077669903,9.479781553398059,13
207,-5881.5,200,17.283019323671496,9.469806763285025,13
208,-5941.0,200,17.282956730769232,9.469206730769232,13
209,-5886.0,200,17.28633971291866,9.455645933014354,13
210,-6034.0,200,17.28847619047619,9.45404761904762,13
211,-5717.0,200,17.28931279620853,9.441398104265403,13
212,-6100.0,200,17.29009433962264,9.444622641509435,13
213,-6082.5,200,17.2912441314554,9.44206572769953,13
214,-5638.5,200,17.291892523364485,9.422009345794393,13
215,-6016.0,200,17.295627906976744,9.410186046511628,13
216,-6322.5,200,17.29488425925926,9.43011574074074,13
217,-6285.0,200,17.295829493087556,9.441198156682027,13
218,-6179.5,200,17.296674311926605,9.448279816513761,13
219,-6555.5,200,17.303858447488583,9.45337899543379,13
220,-6186.0,200,17.305545454545456,9.458363636363636,13
221,-6052.5,200,17.30547511312217,9.460565610859728,13
222,-6472.0,200,17.311891891891893,9.462342342342343,13
223,-5678.5,200,17.305919282511212,9.468004484304933,13
224,-6116.0,200,17.305736607142858,9.47734375,13
225,-6338.5,200,17.308711111111112,9.4856,13
226,-5870.5,200,17.30013274336283,9.508075221238938,13
227,-6155.0,200,17.30160792951542,9.50671806167401,13
228,-6249.5,200,17.305241228070177,9.510416666666666,13
229,-5853.0,200,17.301899563318777,9.514039301310044,13
230,-5873.5,200,17.300695652173914,9.517391304347827,13
231,-5866.5,200,17.301385281385283,9.51387445887446,13
232,-5953.0,200,17.301810344827587,9.515948275862069,13
233,-5535.0,200,17.298004291845494,9.510042918454936,13
234,-5721.5,200,17.295128205128204,9.513760683760683,13
235,-6088.0,200,17.293936170212767,9.516702127659574,13
236,-5795.5,200,17.293453389830507,9.50925847457627,13
237,-6260.0,200,17.296413502109704,9.51324894514768,13
238,-5596.5,200,17.296911764705882,9.499411764705883,13
239,-5882.5,200,17.297426778242677,9.493138075313807,13
240,-5934.0,200,17.298708333333334,9.487520833333333,13
241,-5640.0,200,17.299294605809127,9.472717842323652,13
242,-5847.0,200,17.30086776859504,9.465454545454545,13
243,-5797.5,200,17.29855967078189,9.467860082304528,13
244,-5871.5,200,17.298401639344263,9.467151639344262,13
245,-6139.0,200,17.299387755102043,9.46791836734694,13
246,-6396.5,200,17.300630081300813,9.479837398373984,13
247,-5539.5,200,17.29744939271255,9.474838056680161,13
248,-5764.5,200,17.295201612903227,9.473467741935483,13
249,-6075.5,200,17.296506024096384,9.476004016064257,13
250,-6146.0,200,17.2976,9.47708,13
251,-6135.5,200,17.30155378486056,9.472788844621514,13
252,-5473.0,200,17.297777777777778,9.465912698412698,13
253,-6357.0,200,17.30017786561265,9.475474308300395,13
254,-5346.5,200,17.29336614173228,9.47494094488189,13
255,-6076.5,200,17.295117647058824,9.475803921568627,13
256,-6065.5,200,17.2953515625,9.47845703125,13
257,-5882.5,200,17.296906614785993,9.47136186770428,13
258,-5932.0,200,17.29815891472868,9.46875968992248,13
259,-5351.5,200,17.28953667953668,9.46604247104247,13
260,-5819.5,200,17.287769230769232,9.4675,13
261,-6334.0,200,17.290478927203065,9.472222222222221,13
262,-6201.0,200,17.291068702290076,9.480820610687022,13
263,-5773.5,200,17.287053231939165,9.487243346007604,13
264,-5864.5,200,17.285227272727273,9.485340909090908,13
265,-6295.5,200,17.286811320754715,9.495415094339622,13
266,-6392.5,200,17.288515037593985,9.503609022556391,13
267,-5898.5,200,17.29119850187266,9.496011235955056,13
268,-5928.5,200,17.293003731343283,9.48651119402985,13
269,-5813.0,200,17.292602230483272,9.484386617100371,13
270,-6042.0,200,17.297055555555556,9.473481481481482,13
271,-6709.5,200,17.300424354243543,9.491107011070111,13
272,-6239.5,200,17.29981617647059,9.503492647058824,13
273,-6264.5,200,17.30172161172161,9.508205128205129,13
274,-5852.0,200,17.3042700729927,9.497737226277373,13
275,-5940.5,200,17.30430909090909,9.499527272727272,13
276,-5471.0,200,17.304130434782607,9.478478260869565,13
277,-6137.5,200,17.306805054151624,9.477581227436824,13
278,-5487.5,200,17.302517985611512,9.47611510791367,13
279,-6148.5,200,17.30480286738351,9.476720430107527,13
280,-6091.0,200,17.30601785714286,9.478178571428572,13
281,-5937.5,200,17.307046263345196,9.477081850533807,13
282,-6377.0,200,17.309379432624112,9.48395390070922,13
283,-5279.0,200,17.30685512367491,9.47065371024735,13
284,-5766.0,200,17.308010563380282,9.46169014084507,13
285,-6206.5,200,17.307473684210525,9.46961403508772,13
286,-5860.0,200,17.307657342657343,9.4681993006993,13
287,-5742.0,200,17.30595818815331,9.470209059233449,13
288,-6199.5,200,17.308732638888888,9.467256944444445,13
289,-6347.5,200,17.3121107266436,9.467093425605537,13
290,-6086.0,200,17.313862068965516,9.466931034482759,13
291,-6387.5,200,17.317611683848796,9.469759450171821,13
292,-6046.0,200,17.316438356164383,9.477191780821919,13
293,-6182.0,200,17.31877133105802,9.47684300341297,13
294,-5989.5,200,17.321428571428573,9.471207482993197,13
295,-6129.0,200,17.32372881355932,9.47077966101695,13
296,-5847.5,200,17.32444256756757,9.462719594594594,13
297,-5864.5,200,17.32469696969697,9.456986531986532,13
298,-5888.0,200,17.325184563758388,9.454244966442953,13
299,-6459.5,200,17.329096989966555,9.456772575250836,13
300,-5715.0,200,17.32965,9.447466666666667,13
301,-6860.5,200,17.333770764119603,9.463887043189368,13
302,-5906.0,200,17.331324503311258,9.468427152317881,13
303,-6276.5,200,17.332095709570957,9.476006600660066,13
304,-6276.5,200,17.33327302631579,9.481940789473684,13
305,-5847.5,200,17.33016393442623,9.485540983606557,13
306,-5308.0,200,17.32622549019608,9.47937908496732,13
307,-6231.0,200,17.328469055374594,9.482719869706841,13
308,-5953.5,200,17.32952922077922,9.48137987012987,13
309,-5699.0,200,17.327022653721684,9.483349514563107,13
310,-5612.5,200,17.325854838709677,9.476967741935484,13
311,-6067.0,200,17.327717041800643,9.474742765273312,13
312,-5623.0,200,17.325272435897435,9.473733974358975,13
313,-6252.0,200,17.328610223642173,9.472923322683705,13
314,-6013.5,200,17.329920382165604,9.47028662420382,13
315,-6331.5,200,17.331555555555557,9.478317460317461,13
316,-5842.5,200,17.331835443037974,9.474272151898735,13
317,-6053.5,200,17.333312302839115,9.472160883280758,13
318,-6097.0,200,17.334056603773586,9.475314465408806,13
319,-6152.0,200,17.33448275862069,9.477006269592476,13
320,-6602.5,200,17.33878125,9.48265625,13
321,-6073.5,200,17.33911214953271,9.484688473520249,13
322,-5654.5,200,17.335046583850932,9.491180124223602,13
323,-6348.5,200,17.335696594427244,9.499396284829722,13
324,-5734.0,200,17.336388888888887,9.490617283950618,13
325,-5882.0,200,17.336369230769233,9.49086153846154,13
326,-5782.5,200,17.335874233128834,9.487361963190184,13
327,-5471.0,200,17.330443425076453,9.489388379204893,13
328,-5919.5,200,17.32704268292683,9.496371951219512,13
329,-6012.0,200,17.327021276595744,9.500121580547113,13
330,-6007.5,200,17.327242424242424,9.501969696969697,13
331,-5806.0,200,17.32845921450151,9.492009063444108,13
332,-6096.0,200,17.328027108433734,9.499563253012049,13
333,-6186.5,200,17.327147147147148,9.506546546546547,13
334,-6262.5,200,17.327619760479042,9.512769461077845,13
335,-6417.0,200,17.329597014925373,9.519880597014925,13
336,-5813.0,200,17.328244047619048,9.519122023809524,13
337,-5352.0,200,17.32492581602374,9.513234421364984,13
338,-5732.0,200,17.32449704142012,9.508713017751479,13
339,-5971.0,200,17.323805309734514,9.507846607669617,13
340,-5895.5,200,17.322926470588236,9.507794117647059,13
341,-5627.5,200,17.323489736070382,9.49699413489736,13
342,-5987.0,200,17.323961988304095,9.49688596491228,13
343,-6212.5,200,17.324285714285715,9.504810495626822,13
344,-6260.0,200,17.324433139534882,9.510813953488372,13
345,-5517.5,200,17.322289855072462,9.50636231884058,13
346,-6354.0,200,17.322976878612717,9.5146387283237,13
347,-5164.5,200,17.318933717579252,9.50099423631124,13
348,-5742.5,200,17.317816091954022,9.499683908045977,13
349,-6467.5,200,17.321719197707736,9.501518624641834,13
350,-6058.5,200,17.322657142857143,9.500971428571429,13
351,-6637.5,200,17.32380341880342,9.516737891737892,13
352,-5866.5,200,17.32346590909091,9.516818181818183,13
353,-6228.0,200,17.32512747875354,9.519475920679886,13
354,-6395.0,200,17.325141242937853,9.532118644067797,13
355,-6413.5,200,17.329352112676055,9.53069014084507,13
356,-5458.5,200,17.327710674157302,9.5225,13
357,-5985.5,200,17.329117647058823,9.519327731092437,13
358,-5920.0,200,17.328393854748604,9.522290502793297,13
359,-6509.5,200,17.330222841225627,9.531128133704735,13
360,-5808.5,200,17.331430555555556,9.524583333333334,13
361,-5990.5,200,17.333254847645428,9.52084487534626,13
362,-6161.0,200,17.336091160220995,9.516270718232045,13
363,-6333.5,200,17.337134986225895,9.520165289256198,13
364,-6298.5,200,17.33881868131868,9.520604395604396,13
365,-6564.0,200,17.341068493150686,9.529561643835617,13
366,-6071.5,200,17.34155737704918,9.531133879781422,13
367,-6484.5,200,17.343283378746595,9.539727520435967,13
368,-5647.0,200,17.34158967391304,9.537445652173913,13
369,-5864.0,200,17.34128726287263,9.535758807588076,13
370,-5640.0,200,17.340094594594596,9.531918918918919,13
371,-5911.0,200,17.340498652291107,9.531280323450135,13
372,-6124.0,200,17.34190860215054,9.531344086021505,13
373,-5873.0,200,17.342412868632707,9.527949061662198,13
374,-6094.5,200,17.34274064171123,9.531377005347593,13
375,-6233.5,200,17.343653333333332,9.533213333333334,13
376,-6294.5,200,17.34658244680851,9.53216755319149,13
377,-6328.0,200,17.34872679045093,9.53289124668435,13
378,-6497.0,200,17.34882275132275,9.543915343915344,13
379,-5971.0,200,17.34986807387863,9.537678100263852,13
380,-6063.0,200,17.349184210526317,9.542381578947369,13
381,-6516.5,200,17.351417322834646,9.547821522309711,13
382,-6014.0,200,17.352238219895288,9.546675392670156,13
383,-5207.5,200,17.348655352480417,9.541005221932116,13
384,-6653.5,200,17.352096354166665,9.547864583333334,13
385,-6488.0,200,17.354766233766235,9.553181818181818,13
386,-5568.5,200,17.351152849740934,9.552720207253886,13
387,-5855.5,200,17.34857881136951,9.55966408268734,13
388,-6087.0,200,17.349342783505154,9.559716494845361,13
389,-6393.0,200,17.351439588688947,9.56413881748072,13
390,-6042.0,200,17.352705128205127,9.56351282051282,13
391,-6293.5,200,17.354718670076725,9.566803069053709,13
392,-6083.0,200,17.35557397959184,9.566977040816326,13
393,-6357.0,200,17.35643765903308,9.574363867684479,13
394,-5671.0,200,17.355621827411166,9.569505076142132,13
395,-6182.5,200,17.356012658227847,9.574,13
396,-6076.0,200,17.356136363636363,9.576982323232324,13
397,-5957.0,200,17.356801007556676,9.575037783375315,13
398,-5893.0,200,17.358429648241206,9.567537688442211,13
399,-5518.0,200,17.355864661654135,9.567794486215538,13
400,-6522.5,200,17.3570375,9.5745125,13
401,-5263.0,200,17.35426433915212,9.56774314214464,13
402,-6451.0,200,17.35634328358209,9.572437810945274,13
403,-6187.0,200,17.357990074441688,9.573002481389578,13
404,-5937.5,200,17.35944306930693,9.568440594059405,13
405,-5308.5,200,17.35664197530864,9.562901234567901,13
406,-5840.0,200,17.356096059113302,9.56103448275862,13
407,-6394.0,200,17.35766584766585,9.567321867321867,13
408,-6012.5,200,17.35841911764706,9.565085784313725,13
409,-5942.5,200,17.357151589242054,9.569425427872861,13
410,-5594.5,200,17.355524390243904,9.566036585365854,13
411,-6003.5,200,17.355888077858882,9.567019464720195,13
412,-6514.0,200,17.35723300970874,9.576699029126214,13
413,-6340.0,200,17.35823244552058,9.584794188861986,13
414,-5934.0,200,17.35806763285024,9.585809178743961,13
415,-5552.0,200,17.35577108433735,9.585325301204819,13
416,-5913.5,200,17.35532451923077,9.586526442307692,13
417,-5751.0,200,17.354916067146284,9.58400479616307,13
418,-5957.5,200,17.355586124401913,9.582906698564594,13
419,-6145.0,200,17.355047732696896,9.585310262529832,13
420,-6258.5,200,17.355833333333333,9.589095238095238,13
421,-5599.5,200,17.35585510688836,9.57895486935867,13
422,-5805.5,200,17.355710900473934,9.577523696682464,13
423,-6353.5,200,17.355709219858156,9.585212765957447,13
424,-5905.0,200,17.355813679245284,9.585330188679245,13
425,-6094.5,200,17.355541176470588,9.59044705882353,13
426,-5701.5,200,17.35393192488263,9.587417840375586,13
427,-5479.5,200,17.351206088992974,9.584590163934426,13
428,-5702.0,200,17.350584112149534,9.582289719626168,13
429,-6137.5,200,17.351223776223776,9.583356643356643,13
430,-6360.0,200,17.352313953488373,9.58536046511628,13
431,-6177.5,200,17.354002320185614,9.585255220417633,13
432,-5228.0,200,17.350949074074073,9.576597222222222,13
433,-6203.0,200,17.352355658198615,9.57960739030023,13
434,-6320.5,200,17.35225806451613,9.58860599078341,13
435,-6239.5,200,17.353045977011494,9.591482758620689,13
436,-6126.5,200,17.354495412844038,9.590825688073394,13
437,-6042.0,200,17.355102974828377,9.590160183066361,13
438,-6162.5,200,17.35445205479452,9.593949771689498,13
439,-6031.5,200,17.355660592255127,9.592277904328018,13
440,-5750.5,200,17.354511363636362,9.590477272727274,13
441,-5429.5,200,17.351757369614514,9.589614512471655,13
442,-5691.0,200,17.350113122171944,9.588766968325793,13
443,-5579.5,200,17.348171557562075,9.587121896162529,13
444,-5687.5,200,17.346891891891893,9.583783783783783,13
445,-5585.5,200,17.34694382022472,9.57529213483146,13
446,-5392.5,200,17.34445067264574,9.57372197309417,13
447,-5673.0,200,17.342539149888143,9.575313199105146,13
448,-6361.0,200,17.343537946428572,9.579274553571429,13
449,-5955.5,200,17.343897550111357,9.577071269487751,13
450,-5659.5,200,17.340822222222222,9.580955555555555,13
451,-6085.0,200,17.341962305986698,9.581208425720622,13
452,-6057.0,200,17.340320796460176,9.586615044247788,13
453,-5719.0,200,17.339834437086093,9.583156732891831,13
454,-6100.5,200,17.33785242290749,9.594471365638766,13
455,-6403.0,200,17.33992307692308,9.597395604395604,13
456,-5864.5,200,17.339342105263157,9.599166666666667,13
457,-6112.0,200,17.34140043763676,9.595853391684901,13
458,-5561.5,200,17.340884279475983,9.590065502183407,13
459,-5784.0,200,17.340446623093683,9.587799564270153,13
460,-5885.5,200,17.33983695652174,9.589217391304349,13
461,-6176.0,200,17.34052060737527,9.590574837310195,13
462,-6124.0,200,17.341179653679653,9.592218614718615,13
463,-6019.0,200,17.342138228941685,9.589622030237582,13
464,-6075.5,200,17.34229525862069,9.591616379310345,13
465,-6498.0,200,17.34331182795699,9.598505376344086,13
466,-6107.5,200,17.343175965665235,9.602285407725322,13
467,-6190.0,200,17.345331905781585,9.600824411134903,13
468,-5688.5,200,17.34272435897436,9.602970085470085,13
469,-6509.5,200,17.344339019189764,9.608283582089552,13
470,-5857.0,200,17.343968085106383,9.606893617021276,13
471,-6016.5,200,17.343789808917197,9.611454352441614,13
472,-5931.5,200,17.343771186440677,9.61083686440678,13
473,-6299.0,200,17.345,9.614016913319238,13
474,-5947.0,200,17.344440928270043,9.612489451476794,13
475,-6214.5,200,17.345821052631578,9.612694736842105,13
476,-6362.5,200,17.346670168067227,9.616932773109244,13
477,-6097.5,200,17.345828092243188,9.6212893081761,13
478,-5634.5,200,17.34510460251046,9.615585774058577,13
479,-5948.0,200,17.34589770354906,9.613601252609604,13
480,-5945.0,200,17.3464375,9.612395833333334,13
481,-6203.5,200,17.34769230769231,9.613607068607068,13
482,-5848.5,200,17.347759336099585,9.611078838174274,13
483,-5850.0,200,17.34689440993789,9.6125983436853,13
484,-6229.0,200,17.34788223140496,9.614545454545455,13
485,-5944.0,200,17.34919587628866,9.608278350515464,13
486,-6134.5,200,17.3490329218107,9.610318930041153,13
487,-6089.0,200,17.34870636550308,9.612720739219712,13
488,-5825.0,200,17.34747950819672,9.612428278688524,13
489,-5544.0,200,17.34676891615542,9.60614519427403,13
490,-5980.5,200,17.34765306122449,9.603122448979592,13
491,-6093.5,200,17.34613034623218,9.609562118126274,13
492,-5693.5,200,17.342977642276423,9.611128048780488,13
493,-5969.5,200,17.34344827586207,9.60841784989858,13
494,-6134.0,200,17.344807692307693,9.607429149797571,13
495,-6597.0,200,17.34711111111111,9.611343434343434,13
496,-5912.5,200,17.346300403225808,9.61491935483871,13
497,-5799.0,200,17.346971830985915,9.608913480885311,13
498,-6640.0,200,17.34983935742972,9.613212851405622,13
499,-5537.0,200,17.347264529058116,9.610460921843687,13
500,-5921.0,200,17.34794,9.60878,13
501,-5474.0,200,17.345159680638723,9.609451097804392,13
502,-5629.0,200,17.344382470119523,9.606364541832669,13
503,-5852.0,200,17.344801192842944,9.601163021868787,13
504,-6083.0,200,17.344126984126984,9.602222222222222,13
505,-5954.5,200,17.344772277227722,9.601148514851484,13
506,-5672.5,200,17.344328063241107,9.59800395256917,13
507,-6130.0,200,17.343560157790925,9.603510848126232,13
508,-5903.5,200,17.344655511811023,9.598238188976378,13
509,-5755.0,200,17.343958742632612,9.597897838899804,13
510,-5615.0,200,17.34185294117647,9.599960784313726,13
511,-6115.5,200,17.342309197651662,9.60187866927593,13
512,-6008.0,200,17.3416796875,9.605224609375,13
513,-5962.0,200,17.342456140350876,9.602641325536062,13
514,-5839.0,200,17.340418287937744,9.607587548638133,13
515,-6149.0,200,17.340009708737863,9.614077669902912,13
516,-6303.0,200,17.342403100775194,9.612470930232558,13
517,-5984.0,200,17.341499032882012,9.614342359767893,13
518,-5997.5,200,17.34225868725869,9.613320463320463,13
519,-6248.5,200,17.343535645472063,9.613506743737958,13
520,-6183.5,200,17.34430769230769,9.614884615384616,13
521,-5542.5,200,17.340575815738962,9.615182341650671,13
522,-5736.5,200,17.340162835249043,9.612749042145595,13
523,-5726.5,200,17.339187380497133,9.613164435946462,13
524,-5850.0,200,17.337519083969465,9.616440839694656,13
525,-6188.5,200,17.338609523809524,9.61595238095238,13
526,-6090.0,200,17.33860266159696,9.618669201520913,13
527,-6799.0,200,17.340740037950663,9.626944971537002,13
528,-5944.0,200,17.34148674242424,9.624479166666667,13
529,-5800.5,200,17.340879017013233,9.624120982986767,13
530,-6227.5,200,17.342462264150942,9.624339622641509,13
531,-5981.5,200,17.34331450094162,9.62108286252354,13
532,-6606.5,200,17.345798872180453,9.624088345864662,13
533,-6387.5,200,17.346341463414635,9.6315478424015,13
534,-6324.0,200,17.346732209737826,9.637715355805243,13
535,-5927.5,200,17.34377570093458,9.644457943925234,13
536,-6316.5,200,17.344850746268655,9.646315298507462,13
537,-6089.5,200,17.344711359404098,9.647169459962756,13
538,-6350.0,200,17.34600371747212,9.649637546468401,13
539,-5573.0,200,17.345259740259742,9.645204081632652,13
540,-6872.0,200,17.346592592592593,9.658388888888888,13
541,-6099.5,200,17.345258780036968,9.664972273567468,13
542,-6677.5,200,17.346356088560885,9.675073800738007,13
543,-5831.0,200,17.345534069981582,9.672550644567218,13
544,-6126.5,200,17.346801470588236,9.6703125,13
545,-6000.0,200,17.348422018348625,9.664954128440367,13
546,-6158.5,200,17.3485989010989,9.668763736263736,13
547,-6220.0,200,17.349625228519194,9.668994515539305,13
548,-5689.0,200,17.347481751824816,9.669872262773723,13
549,-5833.5,200,17.347040072859745,9.669344262295082,13
550,-5941.5,200,17.346554545454545,9.671236363636364,13
551,-6092.5,200,17.346996370235935,9.672686025408348,13
552,-6011.0,200,17.34779891304348,9.671585144927537,13
553,-5940.5,200,17.347784810126583,9.672423146473779,13
554,-6133.5,200,17.347138989169675,9.677292418772563,13
555,-6169.5,200,17.34827927927928,9.676855855855855,13
556,-5587.5,200,17.346582733812948,9.676879496402877,13
557,-6157.0,200,17.347845601436266,9.676929982046678,13
558,-5951.0,200,17.346120071684588,9.681093189964157,13
559,-5790.0,200,17.344776386404295,9.682898032200358,13
560,-5605.5,200,17.34494642857143,9.676767857142858,13
561,-6228.5,200,17.34542780748663,9.679349376114082,13
562,-5652.5,200,17.344777580071174,9.674839857651246,13
563,-5322.0,200,17.34261101243339,9.672113676731794,13
564,-5724.5,200,17.342632978723405,9.66860815602837,13
565,-5506.5,200,17.342628318584072,9.660929203539823,13
566,-6216.0,200,17.342446996466432,9.66523851590106,13
567,-5544.5,200,17.34164021164021,9.660044091710759,13
568,-6129.0,200,17.342130281690142,9.65986795774648,13
569,-6078.0,200,17.342794376098418,9.658699472759226,13
570,-5659.0,200,17.33995614035088,9.661815789473684,13
571,-6018.0,200,17.33946584938704,9.66401050788091,13
572,-6104.0,200,17.340201048951048,9.663942307692308,13
573,-5863.0,200,17.337862129144852,9.669092495636999,13
574,-5901.0,200,17.337421602787458,9.670418118466898,13
575,-5812.0,200,17.337834782608695,9.665356521739131,13
576,-5892.5,200,17.337690972222223,9.664244791666667,13
577,-5791.5,200,17.339090121317156,9.655311958405546,13
578,-6267.0,200,17.340717993079586,9.655666089965399,13
579,-6156.5,200,17.340604490500862,9.65919689119171,13
580,-6065.0,200,17.341603448275862,9.65873275862069,13
581,-6054.0,200,17.342160068846816,9.658820998278829,13
582,-5890.5,200,17.342689003436426,9.656632302405498,13
583,-5666.0,200,17.341080617495713,9.654279588336193,13
584,-5630.0,200,17.340556506849314,9.65202910958904,13
585,-6217.0,200,17.341239316239317,9.654991452991453,13
586,-5854.0,200,17.342431740614334,9.647747440273038,13
587,-5780.0,200,17.34125212947189,9.65019591141397,13
588,-5774.5,200,17.34140306122449,9.64718537414966,13
589,-6108.0,200,17.341850594227505,9.647801358234295,13
590,-5640.5,200,17.3410593220339,9.645966101694915,13
591,-5578.0,200,17.340651438240272,9.639534686971235,13
592,-5649.5,200,17.341199324324325,9.63291385135135,13
593,-6010.0,200,17.340809443507588,9.635210792580102,13
594,-6210.0,200,17.341439393939392,9.637222222222222,13
595,-6040.0,200,17.340588235294117,9.640731092436974,13
596,-5369.5,200,17.340377516778524,9.632676174496645,13
597,-6143.0,200,17.3413986599665,9.631549413735343,13
598,-6389.5,200,17.341622073578595,9.637382943143812,13
599,-5816.5,200,17.34210350584307,9.633931552587645,13
600,-6021.0,200,17.342508333333335,9.633591666666666,13
601,-6112.5,200,17.340599001663893,9.6419384359401,13
602,-5911.0,200,17.341744186046512,9.63813122923588,13
603,-5946.0,200,17.341053067993368,9.640837479270315,13
604,-6290.0,200,17.341349337748344,9.644048013245033,13
605,-5959.5,200,17.342727272727274,9.638768595041322,13
606,-5659.0,200,17.342392739273926,9.636080858085808,13
607,-5392.0,200,17.340642504118616,9.634497528830313,13
608,-5913.0,200,17.34066611842105,9.63018092105263,13
609,-5631.0,200,17.3402052545156,9.626847290640393,13
610,-6022.0,200,17.340655737704918,9.625590163934426,13
611,-5865.5,200,17.339255319148936,9.628731587561374,13
612,-5820.5,200,17.33966503267974,9.624019607843136,13
613,-5838.0,200,17.339967373572595,9.620897226753671,13
614,-5918.0,200,17.33948697068404,9.622931596091206,13
615,-5677.5,200,17.337983739837398,9.62290243902439,13
616,-6033.0,200,17.33849025974026,9.622849025974025,13
617,-6528.0,200,17.33953808752026,9.628200972447326,13
618,-5994.0,200,17.339805825242717,9.628802588996765,13
619,-6407.5,200,17.340977382875607,9.630799676898222,13
620,-6247.5,200,17.341798387096773,9.633395161290322,13
621,-5911.5,200,17.34242351046699,9.630418679549114,13
622,-5565.0,200,17.34127813504823,9.625827974276527,13
623,-5459.5,200,17.339558587479935,9.622592295345104,13
624,-5775.5,200,17.33920673076923,9.621065705128204,13
625,-6204.0,200,17.338624,9.62584,13
626,-6077.0,200,17.338546325878593,9.628602236421726,13
627,-6486.0,200,17.338891547049442,9.634577352472089,13
628,-5821.5,200,17.33763535031847,9.635358280254778,13
629,-5656.5,200,17.33635135135135,9.63543720190779,13
630,-6233.5,200,17.33727777777778,9.636563492063493,13
631,-6266.0,200,17.33783676703645,9.638074484944532,13
632,-5961.0,200,17.33806170886076,9.637863924050633,13
633,-6332.0,200,17.338515007898895,9.643270142180095,13
634,-5324.5,200,17.33745268138801,9.637515772870662,13
635,-5940.0,200,17.33663779527559,9.639425196850393,13
636,-6319.5,200,17.337727987421385,9.64065251572327,13
637,-6159.5,200,17.338218210361067,9.641373626373626,13
638,-6232.0,200,17.33869905956113,9.643369905956114,13
639,-6272.0,200,17.339084507042255,9.646627543035994,13
640,-5904.5,200,17.3398359375,9.643265625,13
641,-6117.5,200,17.339485179407177,9.64723088923557,13
642,-6132.0,200,17.33993769470405,9.647344236760125,13
643,-5892.5,200,17.33936236391913,9.64817262830482,13
644,-6353.0,200,17.339704968944098,9.652259316770186,13
645,-5850.5,200,17.341038759689923,9.645821705426357,13
646,-5626.0,200,17.33969814241486,9.644164086687306,13
647,-6362.0,200,17.34112828438949,9.645896445131376,13
648,-5959.0,200,17.341157407407408,9.644938271604937,13
649,-5666.0,200,17.339614791987675,9.645924499229585,13
650,-5279.0,200,17.33796153846154,9.64153076923077,13
651,-6281.5,200,17.339393241167436,9.641236559139784,13
652,-6014.5,200,17.340291411042944,9.639447852760735,13
653,-6307.5,200,17.34093415007657,9.642113323124043,13
654,-5947.0,200,17.341437308868503,9.640405198776758,13
655,-6456.0,200,17.34313740458015,9.642679389312978,13
656,-6064.5,200,17.34315548780488,9.642911585365853,13
657,-5609.5,200,17.34302891933029,9.63859208523592,13
658,-5984.5,200,17.342925531914894,9.639118541033435,13
659,-6217.5,200,17.34366464339909,9.639453717754172,13
660,-5966.5,200,17.34285606060606,9.642393939393939,13
661,-6062.0,200,17.342042360060514,9.646535552193646,13
662,-6221.5,200,17.343897280966768,9.643421450151058,13
663,-6434.5,200,17.345950226244344,9.642466063348417,13
664,-5533.0,200,17.344375,9.640451807228915,13
665,-5854.5,200,17.344714285714286,9.63833082706767,13
666,-6141.5,200,17.34458708708709,9.640878378378378,13
667,-6198.0,200,17.344662668665666,9.644100449775113,13
668,-5779.5,200,17.344790419161676,9.642095808383234,13
669,-6431.0,200,17.34596412556054,9.645717488789238,13
670,-5838.0,200,17.345597014925374,9.643805970149254,13
671,-5536.0,200,17.344329359165425,9.642406855439642,13
672,-6479.5,200,17.345104166666665,9.646919642857142,13
673,-6492.5,200,17.34561664190193,9.650661218424963,13
674,-6197.5,200,17.346669139465874,9.65063056379822,13
675,-5805.5,200,17.347303703703705,9.64611111111111,13
676,-6781.5,200,17.348113905325445,9.65383875739645,13
677,-5524.5,200,17.346935007385525,9.652466765140325,13
678,-5964.5,200,17.347861356932153,9.649328908554573,13
679,-6506.5,200,17.34922680412371,9.652098674521355,13
680,-5758.5,200,17.348404411764704,9.650845588235294,13
681,-6021.0,200,17.34775330396476,9.653546255506608,13
682,-5933.5,200,17.348519061583577,9.649934017595308,13
683,-6043.0,200,17.34840409956076,9.650212298682284,13
684,-6444.0,200,17.349466374269007,9.653852339181286,13
685,-5915.0,200,17.34816788321168,9.658605839416058,13
686,-6142.5,200,17.3492055393586,9.656516034985422,13
687,-6228.0,200,17.34933042212518,9.660152838427948,13
688,-6223.5,200,17.35,9.661845930232559,13
689,-6235.0,200,17.3488824383164,9.667924528301887,13
690,-5699.0,200,17.348507246376812,9.664652173913044,13
691,-5846.0,200,17.34821997105644,9.663306801736613,13
692,-6002.0,200,17.348872832369942,9.661054913294798,13
693,-5623.5,200,17.34883116883117,9.656002886002886,13
694,-6036.0,200,17.34878962536023,9.659063400576368,13
695,-6227.5,200,17.348625899280577,9.661525179856115,13
696,-5907.0,200,17.348204022988504,9.661566091954024,13
697,-5946.5,200,17.349340028694403,9.657955523672884,13
698,-5696.0,200,17.34948424068768,9.654634670487106,13
699,-6230.0,200,17.35123032904149,9.652696709585122,13
700,-6256.5,200,17.351564285714286,9.655135714285715,13
701,-5511.0,200,17.35009272467903,9.652132667617689,13
702,-5785.5,200,17.35042735042735,9.648903133903135,13
703,-6503.5,200,17.351671408250354,9.65300853485064,13
704,-5817.0,200,17.351036931818182,9.652762784090909,13
705,-6324.5,200,17.35217730496454,9.654212765957446,13
706,-5308.5,200,17.351203966005667,9.648633144475921,13
707,-6166.0,200,17.351463932107496,9.650374823196605,13
708,-6051.0,200,17.350918079096044,9.653531073446327,13
709,-6217.0,200,17.351304654442878,9.65515514809591,13
710,-5883.0,200,17.350753521126762,9.655683098591549,13
711,-6247.5,200,17.350914205344584,9.657651195499296,13
712,-6307.0,200,17.352331460674158,9.657226123595505,13
713,-5643.5,200,17.351416549789622,9.654915848527349,13
714,-6290.5,200,17.351974789915968,9.657787114845938,13
715,-5584.5,200,17.351923076923075,9.65318881118881,13
716,-5472.5,200,17.350775139664805,9.65004189944134,13
717,-6288.5,200,17.350801952580195,9.654225941422593,13
718,-5404.5,200,17.349707520891364,9.649944289693593,13
719,-6114.0,200,17.35007649513213,9.649694019471488,13
720,-6268.0,200,17.350277777777777,9.651625,13
721,-5781.0,200,17.349556171983355,9.650970873786408,13
722,-5766.0,200,17.350394736842105,9.645595567867035,13
723,-6144.0,200,17.35069847856155,9.647026279391424,13
724,-5976.5,200,17.35153314917127,9.644129834254144,13
725,-6007.0,200,17.351655172413793,9.645131034482759,13
726,-5523.0,200,17.351184573002755,9.64026170798898,13
727,-5871.0,200,17.35187757909216,9.636031636863825,13
728,-5994.5,200,17.352554945054944,9.63451923076923,13
729,-5610.5,200,17.35235939643347,9.630665294924555,13
730,-5602.5,200,17.35167123287671,9.628390410958904,13
731,-5642.0,200,17.351190150478796,9.625246238030096,13
732,-5456.0,200,17.35028005464481,9.621448087431695,13
733,-6212.0,200,17.3512482946794,9.621596180081855,13
734,-5728.5,200,17.350095367847413,9.62208446866485,13
735,-6195.5,200,17.35096598639456,9.62121768707483,13
736,-6142.0,200,17.35163043478261,9.621385869565218,13
737,-5938.0,200,17.35192672998643,9.620379918588874,13
738,-6262.0,200,17.35261517615176,9.622168021680217,13
739,-5526.0,200,17.35255751014885,9.616745602165087,13
740,-5999.5,200,17.35343918918919,9.615067567567568,13
741,-6073.5,200,17.35425101214575,9.613117408906882,13
742,-6030.0,200,17.354656334231805,9.612890835579515,13
743,-5753.5,200,17.355026917900403,9.608721399730822,13
744,-6211.5,200,17.35454301075269,9.613655913978494,13
745,-5649.0,200,17.353630872483222,9.613080536912753,13
746,-5776.5,200,17.35308310991957,9.613223860589812,13
747,-6388.0,200,17.35392235609103,9.616325301204819,13
748,-6158.5,200,17.355360962566845,9.613328877005348,13
749,-6050.0,200,17.354559412550067,9.617656875834445,13
750,-6212.0,200,17.35462,9.620326666666667,13
751,-5761.5,200,17.354786950732358,9.617496671105194,13
752,-5256.0,200,17.35409574468085,9.61097074468085,13
753,-5507.0,200,17.352755644090305,9.610790172642762,13
754,-5771.0,200,17.35270557029178,9.606850132625995,13
755,-5538.0,200,17.352364238410598,9.602860927152317,13
756,-5646.0,200,17.35244708994709,9.597916666666666,13
757,-6081.0,200,17.352060766182298,9.600046235138706,13
758,-6239.0,200,17.35245382585752,9.60301451187335,13
759,-5969.5,200,17.351001317523057,9.608524374176548,13
760,-6313.5,200,17.352315789473685,9.60803947368421,13
761,-6289.5,200,17.353331143232587,9.608672798948751,13
762,-6367.0,200,17.35448162729659,9.610354330708661,13
763,-5847.5,200,17.354901703800785,9.607313237221494,13
764,-5943.0,200,17.353880890052356,9.609698952879581,13
765,-6117.5,200,17.354254901960783,9.610326797385621,13
766,-5402.5,200,17.35381853785901,9.605300261096605,13
767,-6172.5,200,17.354550195567146,9.6048370273794,13
768,-5588.0,200,17.3547265625,9.600540364583333,13
769,-5900.0,200,17.35494798439532,9.5994733420026,13
770,-6115.0,200,17.355103896103895,9.600506493506494,13
771,-6164.5,200,17.35637483787289,9.598190661478599,13
772,-5777.0,200,17.355965025906738,9.595738341968913,13
773,-6145.5,200,17.356655886157828,9.595181112548513,13
774,-6114.0,200,17.357118863049095,9.594644702842377,13
775,-6373.0,200,17.357767741935483,9.597993548387096,13
776,-5946.5,200,17.358099226804125,9.596546391752577,13
777,-5568.0,200,17.357207207207207,9.59548906048906,13
778,-6086.5,200,17.35764138817481,9.5943059125964,13
779,-6184.5,200,17.359017971758664,9.592336328626445,13
780,-5850.5,200,17.35973717948718,9.588134615384615,13
781,-5744.5,200,17.360070422535212,9.584615877080665,13
782,-5532.0,200,17.358452685421994,9.585076726342711,13
783,-6199.5,200,17.35948275862069,9.58521711366539,13
784,-5771.5,200,17.359011479591835,9.58279336734694,13
785,-5850.5,200,17.358407643312102,9.582343949044587,13
786,-5748.5,200,17.35864503816794,9.57839058524173,13
787,-5928.0,200,17.35969504447268,9.574758576874206,13
788,-6051.0,200,17.359346446700506,9.57651649746193,13
789,-6107.0,200,17.358770595690746,9.57873257287706,13
790,-5849.5,200,17.35923417721519,9.574696202531646,13
791,-6158.0,200,17.359734513274336,9.575922882427307,13
792,-6254.5,200,17.360271464646466,9.57709595959596,13
793,-5962.5,200,17.359798234552333,9.57921185372005,13
794,-6262.0,200,17.360396725440808,9.58110201511335,13
795,-6177.0,200,17.361062893081762,9.581754716981132,13
796,-5742.5,200,17.36141959798995,9.57825376884422,13
797,-5571.0,200,17.361260978670014,9.574109159347554,13
798,-5512.5,200,17.36077694235589,9.570501253132832,13
799,-5776.5,200,17.36061326658323,9.568773466833543,13
800,-6467.5,200,17.361475,9.57171875,13
801,-5227.0,200,17.36049313358302,9.566367041198502,13
802,-6876.5,200,17.362213216957606,9.571945137157106,13
803,-6023.5,200,17.361650062266502,9.575709838107098,13
804,-5714.0,200,17.361113184079603,9.57402985074627,13
805,-6124.0,200,17.36191304347826,9.572950310559007,13
806,-5922.5,200,17.36184863523573,9.572388337468983,13
807,-6273.5,200,17.362391573729862,9.574237918215614,13
808,-5721.0,200,17.361454207920794,9.57433787128713,13
809,-6310.0,200,17.36192212608158,9.576186650185415,13
810,-6166.5,200,17.362135802469137,9.577635802469135,13
811,-6362.0,200,17.363353884093712,9.57820591861899,13
812,-5706.5,200,17.362912561576355,9.57643472906404,13
813,-5617.5,200,17.361845018450186,9.576156211562116,13
814,-5555.5,200,17.36198402948403,9.571087223587224,13
815,-6292.5,200,17.361865030674846,9.5740245398773,13
816,-5835.0,200,17.36096200980392,9.575238970588236,13
817,-5829.0,200,17.36108323133415,9.573684210526316,13
818,-5470.5,200,17.360812958435208,9.568533007334963,13
819,-6484.0,200,17.361507936507937,9.572918192918193,13
820,-5393.5,200,17.360201219512195,9.571128048780487,13
821,-5532.5,200,17.359658952496954,9.567941534713764,13
822,-5658.0,200,17.359604622871046,9.564574209245743,13
823,-6516.5,200,17.360170109356016,9.56879708383961,13
824,-6077.5,200,17.359963592233008,9.569714805825242,13
825,-6637.0,200,17.361375757575757,9.573242424242425,13
826,-5870.0,200,17.36095641646489,9.574182808716706,13
827,-6249.0,200,17.361977025392985,9.574437726723096,13
828,-5593.5,200,17.36137077294686,9.572952898550724,13
829,-5944.5,200,17.361513872135102,9.571314837153196,13
830,-5993.5,200,17.360343373493976,9.575,13
831,-6349.0,200,17.36098676293622,9.577960288808665,13
832,-6067.5,200,17.361484375,9.57803485576923,13
833,-5486.5,200,17.360114045618246,9.577262905162065,13
834,-6405.0,200,17.361163069544364,9.578519184652277,13
835,-6106.0,200,17.36188622754491,9.577706586826347,13
836,-6510.5,200,17.362751196172248,9.581088516746412,13
837,-5996.5,200,17.362353643966546,9.581517323775389,13
838,-6090.5,200,17.36266109785203,9.582249403341288,13
839,-6336.5,200,17.362824791418355,9.585917759237187,13
840,-5981.0,200,17.36280357142857,9.586773809523809,13
841,-6083.5,200,17.36346016646849,9.585885850178359,13
842,-5335.0,200,17.36211401425178,9.583895486935868,13
843,-5713.0,200,17.362603795966784,9.580830367734283,13
844,-6377.5,200,17.362932464454975,9.583388625592416,13
845,-6037.0,200,17.36275147928994,9.584798816568048,13
846,-5887.5,200,17.363020094562646,9.582074468085107,13
847,-6018.0,200,17.363164108618655,9.582012987012988,13
848,-5906.5,200,17.362936320754716,9.582647405660378,13
849,-6156.5,200,17.36278563015312,9.58359246171967,13
850,-6182.0,200,17.363464705882354,9.584235294117647,13
851,-6391.0,200,17.363748531139837,9.588413631022327,13
852,-6156.5,200,17.363609154929577,9.592177230046948,13
853,-5563.5,200,17.363253223915592,9.588815943728019,13
854,-5565.0,200,17.36302107728337,9.585175644028103,13
855,-6099.5,200,17.36249707602339,9.587508771929825,13
856,-5984.0,200,17.362371495327103,9.588288551401869,13
857,-5938.5,200,17.36316219369895,9.585752625437573,13
858,-5942.0,200,17.36324592074592,9.585064102564102,13
859,-5769.0,200,17.36268335273574,9.58394062863795,13
860,-5688.0,200,17.36310465116279,9.579203488372093,13
861,-6186.5,200,17.362282229965157,9.584529616724739,13
862,-6108.5,200,17.362192575406034,9.58622969837587,13
863,-6175.5,200,17.36199304750869,9.589629200463499,13
864,-6230.0,200,17.362471064814816,9.591354166666667,13
865,-5957.0,200,17.362323699421964,9.590815028901734,13
866,-6057.0,200,17.36245958429561,9.59156466512702,13
867,-5531.0,200,17.36208189158016,9.588863898500577,13
868,-5498.5,200,17.361751152073733,9.584942396313364,13
869,-6131.0,200,17.362128883774453,9.5847583429229,13
870,-6030.0,200,17.361919540229884,9.584419540229884,13
871,-5878.0,200,17.362353616532722,9.581515499425947,13
872,-5752.5,200,17.362494266055045,9.579300458715597,13
873,-6213.5,200,17.36187857961054,9.582657502863688,13
874,-5992.5,200,17.361733409610984,9.583689931350115,13
875,-5327.0,200,17.36177142857143,9.576594285714286,13
876,-6124.5,200,17.362328767123287,9.576438356164383,13
877,-5891.0,200,17.362645381984038,9.5754503990878,13
878,-6257.0,200,17.36339977220957,9.575586560364465,13
879,-6278.5,200,17.364601820250286,9.574505119453924,13
880,-6565.0,200,17.365164772727272,9.579153409090909,13
881,-5617.5,200,17.364914869466514,9.576634506242906,13
882,-5523.0,200,17.363543083900225,9.577443310657596,13
883,-6363.5,200,17.363742921857305,9.581257078142695,13
884,-6204.5,200,17.364428733031673,9.580967194570135,13
885,-6032.5,200,17.36472881355932,9.58076836158192,13
886,-6056.5,200,17.3642381489842,9.583380361173814,13
887,-5949.0,200,17.36436302142052,9.583224351747463,13
888,-5645.0,200,17.36391891891892,9.582043918918918,13
889,-5745.5,200,17.363976377952756,9.580196850393701,13
890,-5731.0,200,17.36315168539326,9.58079213483146,13
891,-6099.5,200,17.3637822671156,9.58040965207632,13
892,-5095.0,200,17.362729820627802,9.574377802690583,13
893,-5739.5,200,17.362418812989922,9.572973124300113,13
894,-5875.0,200,17.362656599552572,9.571247203579418,13
895,-5681.0,200,17.3624469273743,9.56909497206704,13
896,-6122.5,200,17.363420758928573,9.5676953125,13
897,-5400.0,200,17.362329988851727,9.565479375696768,13
898,-5716.5,200,17.362583518930958,9.562327394209355,13
899,-5760.5,200,17.362119021134593,9.562408231368186,13
900,-6352.5,200,17.36271111111111,9.565066666666667,13
901,-6040.5,200,17.36320754716981,9.564211986681466,13
902,-5310.5,200,17.361424611973394,9.563176274944567,13
903,-6268.0,200,17.362530454042084,9.56217607973422,13
904,-5239.5,200,17.36172013274336,9.55733407079646,13
905,-6132.5,200,17.361872928176794,9.558486187845304,13
906,-6628.0,200,17.363344370860926,9.561120309050773,13
907,-5467.0,200,17.361339581036383,9.562392502756339,13
908,-6105.5,200,17.361409691629955,9.562681718061674,13
909,-6194.0,200,17.3621397139714,9.562189218921892,13
910,-6271.0,200,17.362917582417584,9.563137362637363,13
911,-5640.0,200,17.363188803512625,9.558496158068056,13
912,-5618.0,200,17.362269736842105,9.557834429824561,13
913,-6246.0,200,17.362398685651698,9.561604600219058,13
914,-5559.0,200,17.36144420131291,9.560990153172867,13
915,-6370.5,200,17.36204918032787,9.563868852459017,13
916,-5866.0,200,17.36094978165939,9.564525109170306,13
917,-5637.5,200,17.360932388222466,9.561428571428571,13
918,-5481.5,200,17.359313725490196,9.562614379084968,13
919,-5400.0,200,17.358335146898803,9.559521218715995,13
920,-6063.0,200,17.358483695652176,9.560771739130434,13
921,-5744.0,200,17.359153094462542,9.556308360477741,13
922,-6346.5,200,17.3594305856833,9.560157266811279,13
923,-6243.5,200,17.35974539544962,9.561998916576382,13
924,-5657.0,200,17.359063852813854,9.56142316017316,13
925,-5950.0,200,17.3588,9.561691891891892,13
926,-5853.5,200,17.358455723542118,9.562597192224622,13
927,-6211.0,200,17.359638619201725,9.561968716289105,13
928,-6105.0,200,17.35953125,9.56375,13
929,-5618.0,200,17.358794402583424,9.563223896663079,13
930,-5572.5,200,17.358591397849462,9.559306451612903,13
931,-6150.5,200,17.35906015037594,9.560558539205156,13
932,-5488.5,200,17.3581491416309,9.558165236051503,13
933,-6358.0,200,17.359212218649517,9.559024651661307,13
934,-5697.5,200,17.358891862955034,9.557944325481799,13
935,-5850.5,200,17.358438502673796,9.557957219251337,13
936,-5802.0,200,17.358082264957265,9.558258547008547,13
937,-6027.5,200,17.35852187833511,9.557251867662753,13
938,-5911.5,200,17.3586460554371,9.556519189765458,13
939,-6483.5,200,17.359845580404684,9.558397231096912,13
940,-5970.0,200,17.360170212765958,9.557377659574469,13
941,-6643.5,200,17.360998937300742,9.562162592986185,13
942,-6104.5,200,17.3617940552017,9.561364118895966,13
943,-5684.5,200,17.362158006362673,9.557237539766701,13
944,-5893.0,200,17.362055084745762,9.55644597457627,13
945,-6135.0,200,17.362417989417988,9.557015873015873,13
946,-5768.5,200,17.362383720930232,9.554408033826638,13
947,-6235.5,200,17.362756071805702,9.556536430834214,13
948,-5605.5,200,17.362547468354432,9.553997890295358,13
949,-5965.5,200,17.362887249736566,9.552154899894626,13
950,-5398.0,200,17.36146842105263,9.551426315789474,13
951,-6014.0,200,17.36092534174553,9.552334384858044,13
952,-5235.0,200,17.35965861344538,9.547993697478992,13
953,-5717.5,200,17.35951206715635,9.546217208814271,13
954,-5384.0,200,17.358092243186583,9.545340670859538,13
955,-6104.5,200,17.358403141361258,9.545806282722513,13
956,-5743.0,200,17.35849372384937,9.543535564853556,13
957,-6187.0,200,17.358986415882967,9.544315569487983,13
958,-6233.5,200,17.35963465553236,9.545,13
959,-6020.0,200,17.360135557872784,9.544666319082378,13
960,-5899.5,200,17.360234375,9.542885416666667,13
961,-6023.5,200,17.359495317377732,9.546378772112384,13
962,-6394.0,200,17.359994802494803,9.54737525987526,13
963,-5319.0,200,17.359132917964693,9.544371754932502,13
964,-5636.0,200,17.358832987551867,9.542634854771784,13
965,-6034.5,200,17.35963212435233,9.540274611398964,13
966,-5948.5,200,17.359192546583852,9.540191511387164,13
967,-5633.5,200,17.35855739400207,9.539312306101344,13
968,-6061.5,200,17.35889979338843,9.538646694214876,13
969,-5503.0,200,17.358849329205366,9.534659442724458,13
970,-6172.5,200,17.359201030927835,9.536190721649485,13
971,-6203.0,200,17.35925849639547,9.538341915550978,13
972,-6172.0,200,17.35994341563786,9.538317901234567,13
973,-5871.5,200,17.359023638232273,9.540539568345324,13
974,-5927.5,200,17.358536960985628,9.54111909650924,13
975,-6339.0,200,17.35874358974359,9.543558974358975,13
976,-5753.5,200,17.358867827868853,9.541306352459017,13
977,-6017.5,200,17.358520982599796,9.543561924257933,13
978,-6192.0,200,17.358619631901842,9.545572597137014,13
979,-5611.5,200,17.35797242083759,9.545480081716036,13
980,-5823.0,200,17.35766836734694,9.544219387755103,13
981,-5798.5,200,17.357278287461774,9.54191131498471,13
982,-5287.5,200,17.355773930753564,9.541013238289207,13
983,-6099.5,200,17.35591556459817,9.54145981688708,13
984,-5597.0,200,17.354908536585366,9.542063008130082,13
985,-6487.0,200,17.3552538071066,9.545431472081217,13
986,-6019.0,200,17.35583671399594,9.544523326572008,13
987,-6451.0,200,17.355937183383993,9.548044579533942,13
988,-5859.0,200,17.35564271255061,9.548992914979758,13
989,-5736.5,200,17.355399393326593,9.547699696663296,13
990,-6198.0,200,17.355772727272726,9.547949494949496,13
991,-5654.5,200,17.35508577194753,9.546871846619576,13
992,-5936.5,200,17.355090725806452,9.546708669354839,13
993,-5768.5,200,17.354919436052366,9.54664149043303,13
994,-5676.5,200,17.353983903420524,9.546594567404426,13
995,-6160.0,200,17.35432663316583,9.547527638190955,13
996,-6531.5,200,17.355215863453815,9.549814257028112,13
997,-5555.5,200,17.35510030090271,9.546293881644935,13
998,-5693.0,200,17.354824649298596,9.542995991983968,13
999,-5721.0,200,17.354554554554554,9.541421421421422,13
1000,-5757.0,200,17.35342,9.54367,13
